image_names,x1,y1,x2,y2
airplane_001.jpg,173,15,232,70
airplane_001.jpg,49,76,139,153
airplane_001.jpg,4,164,93,244
airplane_002.jpg,123,18,151,49
airplane_002.jpg,162,25,187,48
airplane_002.jpg,20,83,35,112
airplane_002.jpg,44,87,73,115
airplane_002.jpg,83,86,110,116
airplane_002.jpg,112,90,141,123
airplane_003.jpg,2,60,150,149
airplane_004.jpg,59,9,111,55
airplane_004.jpg,112,38,159,88
airplane_004.jpg,142,75,199,124
airplane_004.jpg,206,105,256,157
airplane_005.jpg,3,105,67,150
airplane_005.jpg,170,35,229,73
airplane_005.jpg,139,172,196,214
airplane_005.jpg,223,137,254,173
airplane_006.jpg,77,2,106,23
airplane_006.jpg,91,16,126,47
airplane_006.jpg,101,52,147,86
airplane_006.jpg,187,154,226,196
airplane_006.jpg,202,220,223,234
airplane_006.jpg,191,235,219,255
airplane_006.jpg,240,232,255,250
airplane_006.jpg,163,241,181,254
airplane_007.jpg,56,13,180,125
airplane_007.jpg,171,138,219,190
airplane_007.jpg,192,194,250,252
airplane_008.jpg,56,55,98,96
airplane_009.jpg,8,25,67,76
airplane_009.jpg,32,119,67,147
airplane_009.jpg,33,163,95,213
airplane_009.jpg,199,143,233,175
airplane_010.jpg,18,183,57,220
airplane_010.jpg,70,218,125,254
airplane_011.jpg,119,145,152,178
airplane_011.jpg,140,87,159,108
airplane_011.jpg,162,57,192,88
airplane_011.jpg,191,58,227,91
airplane_011.jpg,59,174,89,201
airplane_012.jpg,29,12,123,98
airplane_012.jpg,82,137,186,227
airplane_013.jpg,129,62,158,94
airplane_013.jpg,109,158,144,192
airplane_014.jpg,37,167,85,204
airplane_015.jpg,101,117,147,154
airplane_016.jpg,128,22,166,57
airplane_016.jpg,199,103,237,137
airplane_017.jpg,45,86,106,153
airplane_017.jpg,133,64,193,125
airplane_018.jpg,79,77,144,150
airplane_019.jpg,2,99,41,147
airplane_019.jpg,4,4,34,20
airplane_019.jpg,97,29,144,72
airplane_019.jpg,81,220,129,252
airplane_020.jpg,39,141,66,165
airplane_020.jpg,120,125,154,165
airplane_020.jpg,158,130,171,155
airplane_020.jpg,173,129,196,159
airplane_020.jpg,197,137,216,156
airplane_020.jpg,221,146,243,164
airplane_020.jpg,148,229,189,254
airplane_020.jpg,209,243,242,254
airplane_020.jpg,33,168,56,184
airplane_020.jpg,17,190,38,213
airplane_021.jpg,35,107,93,150
airplane_021.jpg,23,165,81,214
airplane_022.jpg,126,174,168,209
airplane_022.jpg,54,3,101,27
airplane_023.jpg,111,122,153,159
airplane_023.jpg,87,44,111,69
airplane_024.jpg,123,52,155,88
airplane_024.jpg,68,63,109,111
airplane_024.jpg,20,72,62,107
airplane_024.jpg,76,181,118,235
airplane_025.jpg,2,122,115,212
airplane_026.jpg,10,89,51,123
airplane_026.jpg,37,31,74,63
airplane_027.jpg,60,14,97,67
airplane_027.jpg,140,164,171,191
airplane_028.jpg,63,5,176,93
airplane_029.jpg,107,81,161,136
airplane_030.jpg,68,44,116,66
airplane_030.jpg,120,34,163,60
airplane_030.jpg,171,23,218,53
airplane_030.jpg,76,195,129,226
airplane_030.jpg,133,183,187,215
airplane_031.jpg,67,10,157,99
airplane_031.jpg,120,158,199,247
airplane_032.jpg,165,57,218,111
airplane_033.jpg,93,43,132,90
airplane_033.jpg,190,32,235,72
airplane_034.jpg,166,84,253,186
airplane_035.jpg,105,54,190,155
airplane_036.jpg,175,72,228,120
airplane_037.jpg,4,6,115,107
airplane_038.jpg,86,67,151,143
airplane_039.jpg,42,44,215,166
airplane_040.jpg,36,45,80,74
airplane_040.jpg,43,79,81,118
airplane_041.jpg,1,92,71,177
airplane_041.jpg,84,74,158,162
airplane_041.jpg,184,61,253,142
airplane_042.jpg,145,106,182,144
airplane_042.jpg,170,82,215,118
airplane_042.jpg,5,80,38,119
airplane_043.jpg,109,29,130,56
airplane_043.jpg,108,69,129,97
airplane_043.jpg,104,110,126,138
airplane_043.jpg,97,150,118,176
airplane_044.jpg,57,2,95,31
airplane_044.jpg,59,46,104,85
airplane_044.jpg,69,105,109,146
airplane_044.jpg,73,166,117,209
airplane_044.jpg,157,164,195,200
airplane_044.jpg,165,232,209,255
airplane_045.jpg,51,17,137,84
airplane_045.jpg,137,66,206,124
airplane_045.jpg,106,137,147,166
airplane_045.jpg,81,174,116,205
airplane_045.jpg,39,204,83,248
airplane_046.jpg,70,30,114,72
airplane_046.jpg,144,35,187,73
airplane_047.jpg,47,72,179,173
airplane_048.jpg,37,151,105,220
airplane_048.jpg,108,36,176,107
airplane_049.jpg,73,54,170,142
airplane_050.jpg,74,6,170,77
airplane_050.jpg,38,95,142,174
airplane_050.jpg,92,169,198,254
airplane_051.jpg,149,31,167,49
airplane_051.jpg,154,50,175,74
airplane_051.jpg,169,75,188,93
airplane_051.jpg,85,53,110,74
airplane_051.jpg,127,129,154,160
airplane_051.jpg,154,149,181,179
airplane_051.jpg,181,134,207,156
airplane_052.jpg,106,4,135,38
airplane_052.jpg,25,52,67,89
airplane_053.jpg,142,4,208,40
airplane_053.jpg,119,64,187,116
airplane_053.jpg,87,119,154,178
airplane_053.jpg,53,187,124,246
airplane_054.jpg,102,5,192,80
airplane_054.jpg,79,105,166,182
airplane_055.jpg,76,6,127,64
airplane_055.jpg,142,63,177,104
airplane_055.jpg,101,205,133,249
airplane_056.jpg,35,88,68,113
airplane_056.jpg,116,103,149,134
airplane_056.jpg,130,180,165,214
airplane_056.jpg,193,129,235,162
airplane_056.jpg,207,47,235,72
airplane_057.jpg,68,112,101,141
airplane_057.jpg,40,141,65,162
airplane_057.jpg,164,18,202,53
airplane_057.jpg,140,51,162,69
airplane_057.jpg,184,202,233,240
airplane_058.jpg,96,89,185,184
airplane_059.jpg,81,60,227,180
airplane_060.jpg,57,89,142,159
airplane_061.jpg,8,47,142,174
airplane_062.jpg,85,104,201,181
airplane_063.jpg,63,122,95,150
airplane_064.jpg,90,67,189,157
airplane_065.jpg,9,56,59,109
airplane_065.jpg,128,17,204,84
airplane_065.jpg,29,137,82,192
airplane_065.jpg,82,189,125,245
airplane_065.jpg,150,120,199,173
airplane_066.jpg,40,62,118,148
airplane_066.jpg,127,67,210,148
airplane_067.jpg,191,90,229,124
airplane_067.jpg,212,125,252,171
airplane_067.jpg,73,176,103,208
airplane_068.jpg,142,41,160,61
airplane_068.jpg,200,22,222,45
airplane_068.jpg,165,106,187,123
airplane_068.jpg,217,156,241,177
airplane_069.jpg,36,135,78,177
airplane_069.jpg,190,63,233,95
airplane_070.jpg,63,139,153,210
airplane_070.jpg,88,27,191,109
airplane_071.jpg,178,37,209,64
airplane_071.jpg,184,75,240,118
airplane_072.jpg,87,33,183,108
airplane_072.jpg,114,187,175,247
airplane_073.jpg,65,51,224,185
airplane_074.jpg,65,12,147,113
airplane_074.jpg,135,66,217,144
airplane_074.jpg,168,134,253,219
airplane_075.jpg,77,14,127,68
airplane_075.jpg,183,132,234,190
airplane_075.jpg,218,195,251,231
airplane_075.jpg,3,114,43,166
airplane_075.jpg,39,162,89,215
airplane_075.jpg,4,202,19,234
airplane_075.jpg,15,222,58,254
airplane_076.jpg,101,79,217,181
airplane_077.jpg,57,64,97,105
airplane_077.jpg,33,4,83,51
airplane_077.jpg,105,63,140,99
airplane_077.jpg,164,94,205,126
airplane_078.jpg,8,33,53,66
airplane_078.jpg,21,67,62,96
airplane_078.jpg,33,102,72,135
airplane_079.jpg,6,71,67,164
airplane_079.jpg,161,45,251,116
airplane_080.jpg,68,132,174,244
airplane_081.jpg,60,46,125,144
airplane_081.jpg,148,83,210,147
airplane_082.jpg,64,56,122,125
airplane_082.jpg,122,129,191,204
airplane_083.jpg,46,112,112,175
airplane_083.jpg,95,180,141,235
airplane_083.jpg,130,67,208,151
airplane_084.jpg,171,51,239,116
airplane_084.jpg,184,109,253,184
airplane_085.jpg,18,16,70,69
airplane_085.jpg,60,84,116,143
airplane_085.jpg,123,143,192,222
airplane_086.jpg,76,78,166,179
airplane_087.jpg,71,74,185,181
airplane_088.jpg,80,40,122,79
airplane_089.jpg,84,5,122,34
airplane_090.jpg,41,103,99,150
airplane_090.jpg,186,61,254,107
airplane_090.jpg,181,111,231,149
airplane_091.jpg,14,83,36,103
airplane_091.jpg,36,139,54,161
airplane_091.jpg,228,117,252,151
airplane_092.jpg,98,7,185,105
airplane_092.jpg,117,125,189,222
airplane_093.jpg,21,94,67,152
airplane_093.jpg,176,39,225,87
airplane_093.jpg,156,96,224,152
airplane_094.jpg,157,160,190,197
airplane_095.jpg,46,87,180,221
airplane_096.jpg,3,71,91,143
airplane_096.jpg,56,5,151,80
airplane_096.jpg,145,78,254,173
airplane_097.jpg,6,16,77,79
airplane_097.jpg,178,41,237,101
airplane_097.jpg,189,177,251,235
airplane_098.jpg,90,62,188,143
airplane_099.jpg,18,24,57,60
airplane_100.jpg,101,42,148,83
airplane_100.jpg,130,135,175,185
airplane_101.jpg,76,48,150,124
airplane_101.jpg,64,137,140,213
airplane_102.jpg,80,29,133,67
airplane_102.jpg,140,36,191,74
airplane_102.jpg,203,31,253,70
airplane_102.jpg,71,98,118,138
airplane_102.jpg,70,152,117,196
airplane_102.jpg,192,74,253,126
airplane_103.jpg,39,4,94,46
airplane_103.jpg,99,7,149,59
airplane_103.jpg,178,68,238,122
airplane_104.jpg,194,80,240,117
airplane_104.jpg,138,77,166,94
airplane_104.jpg,131,93,154,110
airplane_104.jpg,125,111,151,129
airplane_104.jpg,116,130,136,153
airplane_104.jpg,151,110,177,146
airplane_104.jpg,211,174,237,199
airplane_104.jpg,163,178,189,198
airplane_104.jpg,188,113,230,145
airplane_104.jpg,221,134,243,149
airplane_104.jpg,193,151,222,178
airplane_104.jpg,171,153,199,182
airplane_104.jpg,220,104,249,131
airplane_105.jpg,139,85,178,118
airplane_106.jpg,29,18,65,55
airplane_106.jpg,71,29,93,55
airplane_106.jpg,95,33,116,60
airplane_106.jpg,117,33,146,60
airplane_106.jpg,146,34,171,61
airplane_106.jpg,173,28,201,57
airplane_106.jpg,197,28,222,55
airplane_106.jpg,219,16,243,45
airplane_107.jpg,207,111,247,140
airplane_107.jpg,160,157,190,181
airplane_107.jpg,152,185,183,208
airplane_107.jpg,177,174,212,205
airplane_107.jpg,204,207,236,233
airplane_107.jpg,202,231,239,251
airplane_107.jpg,241,223,256,241
airplane_107.jpg,202,141,225,172
airplane_107.jpg,188,127,207,152
airplane_107.jpg,215,184,231,199
airplane_107.jpg,175,176,214,205
airplane_107.jpg,219,133,242,160
airplane_108.jpg,113,56,185,134
airplane_108.jpg,21,89,96,168
airplane_109.jpg,82,45,135,95
airplane_109.jpg,36,41,64,64
airplane_109.jpg,158,80,191,114
airplane_110.jpg,3,19,58,71
airplane_110.jpg,187,175,250,239
airplane_111.jpg,11,63,64,108
airplane_111.jpg,96,92,195,203
airplane_112.jpg,17,31,83,95
airplane_112.jpg,103,16,153,61
airplane_112.jpg,104,66,153,110
airplane_112.jpg,110,120,160,163
airplane_112.jpg,18,117,86,178
airplane_112.jpg,113,169,162,214
airplane_112.jpg,27,215,47,238
airplane_112.jpg,33,237,58,257
airplane_113.jpg,4,36,25,65
airplane_113.jpg,224,133,250,164
airplane_114.jpg,52,104,169,200
airplane_115.jpg,151,50,212,116
airplane_115.jpg,47,109,115,186
airplane_116.jpg,112,97,188,176
airplane_117.jpg,7,68,36,108
airplane_117.jpg,57,12,92,48
airplane_117.jpg,100,30,138,71
airplane_117.jpg,193,86,230,119
airplane_117.jpg,218,129,252,163
airplane_118.jpg,58,57,179,191
airplane_119.jpg,86,95,190,194
airplane_119.jpg,187,55,249,108
airplane_119.jpg,4,42,35,76
airplane_119.jpg,234,14,256,52
airplane_120.jpg,79,31,137,101
airplane_120.jpg,38,133,103,188
airplane_120.jpg,142,135,211,189
airplane_121.jpg,6,35,88,123
airplane_121.jpg,170,97,250,185
airplane_122.jpg,29,94,111,186
airplane_122.jpg,157,162,208,224
airplane_123.jpg,61,69,131,145
airplane_123.jpg,151,105,229,189
airplane_124.jpg,14,138,72,193
airplane_124.jpg,187,36,245,83
airplane_125.jpg,110,1,165,19
airplane_125.jpg,145,20,189,49
airplane_125.jpg,162,62,205,100
airplane_125.jpg,203,99,249,142
airplane_125.jpg,201,161,250,202
airplane_126.jpg,96,6,126,31
airplane_126.jpg,38,40,82,84
airplane_126.jpg,56,89,90,119
airplane_126.jpg,65,129,111,168
airplane_126.jpg,133,126,175,170
airplane_126.jpg,77,172,121,211
airplane_126.jpg,152,182,184,211
airplane_126.jpg,98,218,133,248
airplane_127.jpg,3,47,42,82
airplane_127.jpg,211,154,249,198
airplane_128.jpg,29,25,98,77
airplane_128.jpg,69,84,145,145
airplane_128.jpg,118,155,193,225
airplane_129.jpg,25,80,45,102
airplane_129.jpg,42,4,67,29
airplane_129.jpg,78,23,102,55
airplane_129.jpg,114,59,137,84
airplane_129.jpg,182,68,214,96
airplane_130.jpg,60,33,88,64
airplane_130.jpg,75,169,111,204
airplane_131.jpg,39,23,98,70
airplane_131.jpg,84,93,141,141
airplane_131.jpg,135,159,192,212
airplane_132.jpg,59,163,99,205
airplane_132.jpg,100,78,117,97
airplane_132.jpg,115,61,133,81
airplane_132.jpg,223,104,256,157
airplane_132.jpg,219,3,255,19
airplane_133.jpg,134,170,170,210
airplane_133.jpg,172,161,208,206
airplane_133.jpg,162,198,191,226
airplane_134.jpg,71,88,105,119
airplane_134.jpg,97,63,134,91
airplane_134.jpg,129,39,145,59
airplane_134.jpg,143,198,179,229
airplane_135.jpg,71,101,118,141
airplane_135.jpg,52,152,97,191
airplane_135.jpg,161,25,232,84
airplane_135.jpg,156,97,222,144
airplane_136.jpg,55,127,149,219
airplane_136.jpg,101,14,198,99
airplane_137.jpg,29,62,132,167
airplane_137.jpg,152,74,245,160
airplane_138.jpg,28,6,41,23
airplane_138.jpg,46,16,59,27
airplane_138.jpg,37,88,63,113
airplane_138.jpg,101,105,139,133
airplane_138.jpg,52,138,74,154
airplane_138.jpg,37,161,52,174
airplane_138.jpg,84,149,113,168
airplane_138.jpg,21,198,44,217
airplane_138.jpg,49,217,70,239
airplane_138.jpg,2,80,18,105
airplane_138.jpg,8,6,24,23
airplane_138.jpg,30,110,43,122
airplane_139.jpg,176,48,248,106
airplane_139.jpg,18,132,81,189
airplane_140.jpg,118,7,145,34
airplane_140.jpg,41,30,66,45
airplane_140.jpg,50,49,75,73
airplane_140.jpg,76,117,97,137
airplane_140.jpg,83,140,104,160
airplane_140.jpg,98,187,125,209
airplane_140.jpg,132,39,160,71
airplane_140.jpg,157,116,187,144
airplane_140.jpg,176,151,204,184
airplane_140.jpg,189,189,222,221
airplane_141.jpg,132,46,171,86
airplane_141.jpg,43,92,87,128
airplane_141.jpg,49,156,84,192
airplane_141.jpg,5,190,35,233
airplane_142.jpg,70,69,177,180
airplane_143.jpg,69,80,177,179
airplane_144.jpg,17,95,94,142
airplane_144.jpg,67,29,147,89
airplane_145.jpg,62,112,124,171
airplane_145.jpg,132,99,200,156
airplane_145.jpg,171,41,236,97
airplane_146.jpg,114,24,151,68
airplane_146.jpg,119,101,153,134
airplane_146.jpg,197,102,237,146
airplane_147.jpg,23,190,56,218
airplane_147.jpg,60,189,91,222
airplane_148.jpg,19,85,132,170
airplane_149.jpg,27,27,75,71
airplane_150.jpg,41,125,131,221
airplane_150.jpg,115,21,206,109
airplane_151.jpg,41,79,119,168
airplane_151.jpg,141,76,215,166
airplane_152.jpg,72,37,149,113
airplane_152.jpg,120,115,229,203
airplane_153.jpg,108,52,205,151
airplane_154.jpg,110,161,164,210
airplane_155.jpg,103,182,153,220
airplane_155.jpg,86,49,111,68
airplane_156.jpg,69,53,118,99
airplane_157.jpg,68,113,93,137
airplane_157.jpg,31,153,60,177
airplane_158.jpg,20,135,74,180
airplane_158.jpg,93,54,136,96
airplane_158.jpg,159,55,203,101
airplane_158.jpg,174,117,225,163
airplane_158.jpg,161,177,214,222
airplane_158.jpg,30,192,93,245
airplane_159.jpg,95,23,128,50
airplane_159.jpg,134,163,168,189
airplane_160.jpg,121,121,160,156
airplane_160.jpg,47,75,98,116
airplane_160.jpg,2,65,25,101
airplane_160.jpg,2,175,39,214
airplane_161.jpg,105,41,203,121
airplane_161.jpg,90,165,133,208
airplane_162.jpg,4,21,54,84
airplane_162.jpg,177,26,192,41
airplane_162.jpg,211,33,229,53
airplane_163.jpg,187,145,221,186
airplane_164.jpg,38,37,110,117
airplane_165.jpg,58,178,119,243
airplane_165.jpg,210,83,244,117
airplane_166.jpg,103,57,184,147
airplane_166.jpg,84,159,144,218
airplane_167.jpg,124,47,206,115
airplane_167.jpg,143,127,223,200
airplane_168.jpg,15,112,46,138
airplane_168.jpg,70,127,97,154
airplane_168.jpg,207,102,237,118
airplane_168.jpg,182,158,207,189
airplane_168.jpg,128,143,155,174
airplane_168.jpg,32,43,64,67
airplane_168.jpg,2,33,23,50
airplane_169.jpg,66,59,109,83
airplane_169.jpg,113,119,155,144
airplane_169.jpg,85,147,134,178
airplane_169.jpg,134,148,185,172
airplane_169.jpg,113,172,170,204
airplane_169.jpg,94,205,150,236
airplane_169.jpg,86,17,135,50
airplane_169.jpg,123,31,171,52
airplane_169.jpg,104,50,145,75
airplane_170.jpg,46,32,65,48
airplane_170.jpg,96,30,115,42
airplane_170.jpg,119,27,135,37
airplane_170.jpg,38,75,55,87
airplane_170.jpg,54,72,70,85
airplane_170.jpg,93,69,113,81
airplane_170.jpg,131,64,148,77
airplane_170.jpg,47,113,63,126
airplane_170.jpg,67,113,82,125
airplane_170.jpg,84,112,103,126
airplane_170.jpg,103,111,122,122
airplane_170.jpg,43,151,64,170
airplane_170.jpg,37,3,55,12
airplane_170.jpg,82,151,99,165
airplane_170.jpg,104,152,114,164
airplane_170.jpg,115,151,137,162
airplane_170.jpg,138,149,150,158
airplane_170.jpg,152,142,171,159
airplane_170.jpg,147,191,166,201
airplane_170.jpg,164,187,177,199
airplane_170.jpg,49,199,67,215
airplane_170.jpg,140,245,159,256
airplane_170.jpg,115,67,128,78
airplane_170.jpg,74,71,91,81
airplane_171.jpg,56,89,143,191
airplane_172.jpg,94,17,206,112
airplane_173.jpg,16,70,52,101
airplane_173.jpg,44,152,68,183
airplane_173.jpg,149,68,194,120
airplane_173.jpg,232,55,255,86
airplane_174.jpg,69,128,159,204
airplane_174.jpg,152,37,219,131
airplane_175.jpg,88,49,172,166
airplane_176.jpg,126,73,162,95
airplane_176.jpg,129,109,165,133
airplane_177.jpg,50,87,147,179
airplane_178.jpg,121,129,172,169
airplane_178.jpg,182,3,213,28
airplane_178.jpg,5,123,55,184
airplane_179.jpg,42,42,130,128
airplane_179.jpg,113,127,200,209
airplane_180.jpg,114,56,157,95
airplane_180.jpg,3,153,25,176
airplane_181.jpg,98,55,211,153
airplane_182.jpg,2,16,31,50
airplane_182.jpg,222,4,253,36
airplane_183.jpg,61,17,99,54
airplane_183.jpg,64,71,99,99
airplane_183.jpg,32,102,70,130
airplane_183.jpg,3,135,48,169
airplane_183.jpg,201,64,232,90
airplane_183.jpg,174,100,213,126
airplane_183.jpg,141,138,181,169
airplane_183.jpg,108,174,147,202
airplane_183.jpg,189,223,238,254
airplane_184.jpg,27,22,70,53
airplane_184.jpg,192,191,242,229
airplane_185.jpg,34,83,106,148
airplane_186.jpg,98,74,122,96
airplane_186.jpg,131,3,162,28
airplane_186.jpg,56,157,76,180
airplane_186.jpg,150,223,189,254
airplane_186.jpg,182,165,211,191
airplane_187.jpg,92,30,188,97
airplane_187.jpg,74,129,158,187
airplane_188.jpg,172,212,230,253
airplane_189.jpg,2,3,26,31
airplane_189.jpg,186,171,238,228
airplane_189.jpg,17,134,67,180
airplane_189.jpg,58,153,95,196
airplane_189.jpg,40,191,84,220
airplane_189.jpg,4,160,65,209
airplane_189.jpg,165,217,175,230
airplane_190.jpg,86,109,144,156
airplane_190.jpg,68,156,127,199
airplane_190.jpg,80,6,175,68
airplane_190.jpg,28,57,84,97
airplane_190.jpg,5,100,47,139
airplane_191.jpg,148,13,256,115
airplane_192.jpg,54,44,100,95
airplane_192.jpg,154,115,182,148
airplane_192.jpg,192,139,224,172
airplane_193.jpg,123,204,148,233
airplane_193.jpg,153,191,171,217
airplane_193.jpg,179,180,200,199
airplane_193.jpg,211,169,232,188
airplane_193.jpg,66,233,91,255
airplane_194.jpg,69,72,159,182
airplane_195.jpg,58,93,136,171
airplane_195.jpg,164,63,235,148
airplane_196.jpg,50,109,128,203
airplane_196.jpg,137,88,217,171
airplane_197.jpg,110,97,250,229
airplane_198.jpg,112,3,237,95
airplane_199.jpg,74,9,138,70
airplane_199.jpg,13,17,69,78
airplane_199.jpg,154,155,215,240
airplane_199.jpg,211,126,255,187
airplane_200.jpg,126,28,196,111
airplane_200.jpg,117,149,188,221
airplane_201.jpg,22,78,31,90
airplane_201.jpg,29,69,48,81
airplane_201.jpg,44,65,59,76
airplane_201.jpg,58,57,68,70
airplane_201.jpg,122,16,138,26
airplane_201.jpg,134,9,146,21
airplane_201.jpg,93,35,102,46
airplane_201.jpg,79,41,93,56
airplane_201.jpg,69,48,79,59
airplane_201.jpg,27,110,39,121
airplane_201.jpg,38,102,48,111
airplane_201.jpg,48,97,62,105
airplane_201.jpg,61,89,76,97
airplane_201.jpg,73,82,86,91
airplane_201.jpg,87,75,96,84
airplane_201.jpg,106,69,118,79
airplane_201.jpg,118,53,133,65
airplane_201.jpg,133,47,145,58
airplane_201.jpg,144,39,154,48
airplane_201.jpg,116,238,127,253
airplane_201.jpg,126,232,143,248
airplane_201.jpg,136,225,152,241
airplane_201.jpg,154,216,164,226
airplane_201.jpg,165,209,179,219
airplane_201.jpg,166,220,174,230
airplane_201.jpg,152,229,165,237
airplane_202.jpg,65,113,216,236
airplane_203.jpg,71,8,190,117
airplane_204.jpg,69,86,190,186
airplane_205.jpg,92,58,152,117
airplane_205.jpg,112,142,179,215
airplane_206.jpg,70,3,103,26
airplane_207.jpg,41,51,77,91
airplane_207.jpg,87,72,131,118
airplane_207.jpg,138,97,190,142
airplane_208.jpg,65,78,105,133
airplane_208.jpg,7,101,45,144
airplane_208.jpg,181,241,198,254
airplane_209.jpg,4,7,248,250
airplane_210.jpg,13,167,31,190
airplane_210.jpg,36,173,59,199
airplane_210.jpg,65,178,87,201
airplane_210.jpg,122,192,140,216
airplane_210.jpg,214,214,245,247
airplane_211.jpg,108,97,151,140
airplane_211.jpg,173,63,217,120
airplane_211.jpg,41,204,96,246
airplane_212.jpg,132,140,154,155
airplane_212.jpg,156,191,172,209
airplane_212.jpg,196,17,242,56
airplane_213.jpg,79,195,148,249
airplane_213.jpg,3,6,66,56
airplane_213.jpg,209,12,257,69
airplane_214.jpg,54,28,88,78
airplane_214.jpg,43,81,86,132
airplane_214.jpg,37,136,77,169
airplane_214.jpg,39,177,77,216
airplane_214.jpg,160,112,224,171
airplane_214.jpg,167,61,221,107
airplane_214.jpg,148,183,217,244
airplane_215.jpg,42,38,173,179
airplane_216.jpg,36,80,60,110
airplane_216.jpg,86,71,116,97
airplane_216.jpg,128,74,160,101
airplane_216.jpg,145,106,184,141
airplane_216.jpg,201,87,246,137
airplane_216.jpg,155,157,192,183
airplane_217.jpg,118,12,201,86
airplane_217.jpg,68,118,160,201
airplane_218.jpg,22,40,187,199
airplane_219.jpg,71,4,118,55
airplane_219.jpg,76,61,121,111
airplane_219.jpg,82,122,132,176
airplane_219.jpg,92,183,134,246
airplane_220.jpg,186,25,228,69
airplane_220.jpg,164,71,209,110
airplane_220.jpg,140,119,187,165
airplane_220.jpg,111,170,157,211
airplane_220.jpg,60,219,128,257
airplane_221.jpg,182,143,249,195
airplane_221.jpg,40,59,102,102
airplane_222.jpg,140,52,230,106
airplane_222.jpg,120,113,212,172
airplane_223.jpg,105,5,164,46
airplane_223.jpg,103,40,148,73
airplane_223.jpg,102,78,164,137
airplane_223.jpg,177,94,219,128
airplane_223.jpg,160,137,221,172
airplane_223.jpg,113,141,136,170
airplane_223.jpg,13,171,101,245
airplane_224.jpg,92,7,145,46
airplane_224.jpg,201,146,230,180
airplane_225.jpg,73,61,134,128
airplane_225.jpg,144,7,192,71
airplane_225.jpg,13,123,63,187
airplane_225.jpg,186,129,253,221
airplane_226.jpg,32,33,80,101
airplane_227.jpg,99,56,243,163
airplane_228.jpg,6,23,109,108
airplane_229.jpg,11,17,38,47
airplane_229.jpg,60,12,88,50
airplane_229.jpg,109,8,136,38
airplane_230.jpg,133,79,228,148
airplane_231.jpg,86,115,157,192
airplane_231.jpg,5,105,63,197
airplane_232.jpg,35,94,124,181
airplane_232.jpg,158,31,252,131
airplane_233.jpg,55,67,74,85
airplane_233.jpg,94,147,116,164
airplane_233.jpg,69,189,90,210
airplane_233.jpg,165,83,181,106
airplane_233.jpg,196,115,218,133
airplane_233.jpg,172,165,197,180
airplane_233.jpg,82,35,100,56
airplane_233.jpg,103,42,119,58
airplane_233.jpg,121,50,136,66
airplane_233.jpg,138,44,152,62
airplane_233.jpg,159,50,173,65
airplane_233.jpg,162,63,182,78
airplane_233.jpg,196,66,215,79
airplane_233.jpg,214,71,231,82
airplane_233.jpg,197,79,217,91
airplane_233.jpg,225,85,242,98
airplane_234.jpg,4,85,82,148
airplane_234.jpg,187,54,256,123
airplane_235.jpg,98,3,248,113
airplane_236.jpg,59,19,97,61
airplane_236.jpg,15,58,60,90
airplane_236.jpg,203,12,228,40
airplane_237.jpg,45,15,96,51
airplane_238.jpg,94,57,180,126
airplane_239.jpg,60,11,91,58
airplane_239.jpg,87,15,116,60
airplane_239.jpg,97,30,134,72
airplane_239.jpg,115,48,158,87
airplane_239.jpg,153,28,183,59
airplane_239.jpg,184,26,214,54
airplane_239.jpg,188,48,221,86
airplane_239.jpg,155,62,189,97
airplane_239.jpg,141,99,174,143
airplane_239.jpg,178,82,209,130
airplane_240.jpg,125,34,160,65
airplane_240.jpg,94,59,140,98
airplane_240.jpg,51,69,96,105
airplane_240.jpg,61,107,93,138
airplane_240.jpg,108,123,148,167
airplane_240.jpg,155,134,190,178
airplane_240.jpg,169,168,237,237
airplane_241.jpg,62,69,84,90
airplane_241.jpg,92,55,118,86
airplane_241.jpg,169,66,203,92
airplane_242.jpg,70,96,171,173
airplane_243.jpg,70,26,113,62
airplane_243.jpg,4,33,34,66
airplane_244.jpg,30,74,76,106
airplane_244.jpg,94,87,126,114
airplane_244.jpg,3,162,21,195
airplane_245.jpg,82,69,213,182
airplane_246.jpg,12,42,64,78
airplane_246.jpg,2,74,39,108
airplane_246.jpg,3,216,24,247
airplane_246.jpg,30,1,49,22
airplane_247.jpg,143,75,186,118
airplane_247.jpg,179,171,216,212
airplane_247.jpg,4,56,30,78
airplane_247.jpg,54,89,77,115
airplane_248.jpg,99,102,146,140
airplane_249.jpg,138,153,173,183
airplane_249.jpg,206,85,247,120
airplane_249.jpg,11,69,43,108
airplane_250.jpg,78,35,112,64
airplane_250.jpg,116,77,133,96
airplane_250.jpg,137,108,155,128
airplane_250.jpg,169,193,196,208
airplane_251.jpg,78,87,180,188
airplane_252.jpg,59,94,117,147
airplane_252.jpg,89,150,129,186
airplane_252.jpg,122,199,172,238
airplane_252.jpg,212,75,228,99
airplane_252.jpg,35,55,82,94
airplane_252.jpg,6,16,54,61
airplane_253.jpg,8,32,32,66
airplane_253.jpg,116,23,149,59
airplane_253.jpg,160,12,188,47
airplane_253.jpg,192,6,248,66
airplane_254.jpg,79,34,109,70
airplane_254.jpg,144,34,162,58
airplane_254.jpg,202,16,225,47
airplane_255.jpg,68,73,94,94
airplane_255.jpg,217,48,248,78
airplane_255.jpg,152,168,178,194
airplane_255.jpg,187,162,214,186
airplane_255.jpg,52,178,73,202
airplane_256.jpg,35,109,80,151
airplane_256.jpg,74,153,121,195
airplane_256.jpg,175,206,204,229
airplane_256.jpg,10,163,44,191
airplane_256.jpg,27,44,85,75
airplane_257.jpg,64,122,186,223
airplane_257.jpg,54,4,155,93
airplane_258.jpg,46,96,138,173
airplane_259.jpg,104,33,174,117
airplane_259.jpg,105,156,185,236
airplane_260.jpg,59,89,90,123
airplane_260.jpg,144,13,179,46
airplane_260.jpg,37,122,59,144
airplane_260.jpg,134,207,175,243
airplane_260.jpg,191,151,225,179
airplane_260.jpg,216,122,253,148
airplane_261.jpg,33,194,66,235
airplane_261.jpg,129,130,143,142
airplane_262.jpg,5,51,47,90
airplane_263.jpg,75,67,118,100
airplane_263.jpg,151,16,168,42
airplane_263.jpg,179,4,203,25
airplane_263.jpg,117,186,167,219
airplane_263.jpg,74,216,123,253
airplane_263.jpg,4,145,30,174
airplane_264.jpg,68,128,128,175
airplane_264.jpg,141,83,185,117
airplane_264.jpg,186,39,242,84
airplane_264.jpg,4,186,43,217
airplane_265.jpg,97,172,160,226
airplane_265.jpg,124,42,170,81
airplane_266.jpg,59,32,132,119
airplane_266.jpg,138,101,213,185
airplane_267.jpg,62,143,108,180
airplane_267.jpg,140,73,167,100
airplane_267.jpg,144,108,192,147
airplane_267.jpg,18,36,45,55
airplane_268.jpg,38,14,54,35
airplane_268.jpg,120,73,150,103
airplane_268.jpg,84,104,121,122
airplane_268.jpg,168,170,210,206
airplane_268.jpg,139,224,162,254
airplane_269.jpg,46,45,80,85
airplane_269.jpg,175,111,209,146
airplane_270.jpg,20,81,110,180
airplane_270.jpg,140,99,214,193
airplane_271.jpg,78,55,135,97
airplane_271.jpg,174,22,240,80
airplane_271.jpg,95,154,175,208
airplane_272.jpg,132,12,156,40
airplane_272.jpg,159,46,189,76
airplane_272.jpg,9,3,33,18
airplane_273.jpg,142,23,184,62
airplane_273.jpg,114,80,156,113
airplane_273.jpg,79,102,123,141
airplane_273.jpg,92,143,146,188
airplane_273.jpg,58,187,102,229
airplane_273.jpg,75,233,120,254
airplane_274.jpg,25,119,76,166
airplane_274.jpg,129,22,146,39
airplane_274.jpg,129,43,153,60
airplane_274.jpg,134,68,157,83
airplane_274.jpg,130,133,142,145
airplane_274.jpg,236,83,254,121
airplane_275.jpg,71,150,120,194
airplane_275.jpg,35,28,66,45
airplane_276.jpg,99,101,181,154
airplane_276.jpg,144,3,210,42
airplane_276.jpg,63,181,146,246
airplane_277.jpg,86,9,166,65
airplane_277.jpg,162,173,252,251
airplane_278.jpg,11,117,73,187
airplane_278.jpg,187,60,253,139
airplane_279.jpg,61,72,138,179
airplane_280.jpg,108,82,208,184
airplane_281.jpg,111,69,174,132
airplane_282.jpg,135,189,184,230
airplane_282.jpg,191,166,240,205
airplane_283.jpg,38,109,100,154
airplane_283.jpg,162,5,209,35
airplane_283.jpg,8,204,59,236
airplane_283.jpg,193,241,232,256
airplane_284.jpg,32,138,60,175
airplane_284.jpg,65,90,85,127
airplane_284.jpg,98,6,126,34
airplane_285.jpg,100,102,201,186
airplane_286.jpg,53,72,115,127
airplane_286.jpg,111,126,176,189
airplane_287.jpg,5,119,77,234
airplane_287.jpg,155,59,233,177
airplane_288.jpg,102,8,140,51
airplane_288.jpg,171,4,204,42
airplane_289.jpg,47,19,129,136
airplane_289.jpg,167,69,252,181
airplane_290.jpg,16,109,42,128
airplane_290.jpg,48,117,63,134
airplane_290.jpg,180,159,208,182
airplane_290.jpg,216,100,240,129
airplane_291.jpg,7,58,53,103
airplane_291.jpg,66,68,106,122
airplane_291.jpg,118,90,162,137
airplane_291.jpg,214,50,245,82
airplane_291.jpg,193,99,252,135
airplane_292.jpg,77,102,128,146
airplane_292.jpg,152,22,196,59
airplane_292.jpg,147,114,190,166
airplane_292.jpg,199,106,240,155
airplane_292.jpg,31,158,71,197
airplane_293.jpg,4,158,29,192
airplane_293.jpg,49,139,88,179
airplane_293.jpg,114,125,143,165
airplane_293.jpg,165,112,205,153
airplane_294.jpg,35,205,75,237
airplane_294.jpg,74,193,111,226
airplane_295.jpg,10,208,49,244
airplane_295.jpg,42,164,81,199
airplane_295.jpg,82,128,116,169
airplane_295.jpg,163,72,193,110
airplane_296.jpg,5,89,93,193
airplane_296.jpg,161,114,253,218
airplane_297.jpg,96,41,187,111
airplane_297.jpg,101,145,191,233
airplane_298.jpg,11,196,73,247
airplane_299.jpg,37,110,89,154
airplane_299.jpg,52,171,101,224
airplane_300.jpg,42,100,69,126
airplane_300.jpg,72,58,103,87
airplane_300.jpg,105,24,134,43
airplane_300.jpg,178,145,203,167
airplane_300.jpg,148,181,179,204
airplane_301.jpg,55,13,102,65
airplane_301.jpg,177,23,235,73
airplane_301.jpg,170,113,226,165
airplane_301.jpg,38,187,102,255
airplane_302.jpg,45,51,138,137
airplane_303.jpg,97,82,188,189
airplane_304.jpg,14,5,87,70
airplane_304.jpg,96,45,145,113
airplane_304.jpg,173,72,253,176
airplane_305.jpg,44,63,140,172
airplane_305.jpg,159,72,248,180
airplane_306.jpg,49,156,134,226
airplane_306.jpg,93,85,160,156
airplane_306.jpg,184,63,253,136
airplane_307.jpg,42,142,76,175
airplane_307.jpg,96,146,131,179
airplane_307.jpg,144,155,167,184
airplane_307.jpg,169,158,192,185
airplane_307.jpg,194,159,219,185
airplane_307.jpg,141,11,172,48
airplane_307.jpg,174,36,204,76
airplane_308.jpg,114,72,173,142
airplane_308.jpg,166,27,228,99
airplane_308.jpg,5,151,67,226
airplane_309.jpg,135,7,202,94
airplane_309.jpg,47,85,136,154
airplane_309.jpg,95,174,186,248
airplane_310.jpg,93,4,129,35
airplane_310.jpg,40,45,56,61
airplane_310.jpg,2,65,20,91
airplane_311.jpg,135,11,179,40
airplane_311.jpg,134,76,190,111
airplane_311.jpg,139,145,194,176
airplane_311.jpg,150,207,208,250
airplane_312.jpg,60,119,123,185
airplane_312.jpg,129,99,200,173
airplane_312.jpg,174,52,257,122
airplane_312.jpg,1,167,55,234
airplane_313.jpg,38,4,171,98
airplane_313.jpg,145,183,215,247
airplane_314.jpg,38,62,64,95
airplane_314.jpg,102,86,130,117
airplane_314.jpg,162,109,183,137
airplane_314.jpg,220,120,251,153
airplane_315.jpg,64,153,124,197
airplane_315.jpg,144,119,194,158
airplane_315.jpg,97,34,156,75
airplane_316.jpg,79,31,119,67
airplane_316.jpg,226,99,253,125
airplane_316.jpg,107,164,145,202
airplane_316.jpg,4,89,41,120
airplane_317.jpg,30,33,137,120
airplane_317.jpg,125,118,229,218
airplane_318.jpg,58,193,84,214
airplane_318.jpg,5,172,36,210
airplane_319.jpg,104,129,125,152
airplane_319.jpg,103,41,123,61
airplane_319.jpg,190,68,230,106
airplane_319.jpg,158,98,177,120
airplane_319.jpg,154,116,175,135
airplane_319.jpg,150,145,171,166
airplane_319.jpg,204,138,234,166
airplane_319.jpg,199,165,235,191
airplane_319.jpg,84,45,96,58
airplane_319.jpg,152,71,162,85
airplane_320.jpg,118,22,244,125
airplane_321.jpg,157,83,186,110
airplane_321.jpg,201,102,244,132
airplane_321.jpg,117,179,147,209
airplane_321.jpg,184,193,219,231
airplane_322.jpg,86,117,127,154
airplane_322.jpg,153,84,180,119
airplane_323.jpg,77,68,168,168
airplane_324.jpg,91,117,161,176
airplane_324.jpg,174,26,239,86
airplane_324.jpg,21,181,86,242
airplane_325.jpg,82,179,147,241
airplane_325.jpg,154,165,196,207
airplane_326.jpg,106,5,201,69
airplane_326.jpg,78,82,167,150
airplane_326.jpg,39,162,133,235
airplane_326.jpg,136,145,223,222
airplane_326.jpg,167,56,254,125
airplane_327.jpg,92,32,191,128
airplane_328.jpg,19,40,73,99
airplane_328.jpg,76,25,129,73
airplane_328.jpg,148,2,200,57
airplane_328.jpg,152,162,199,214
airplane_328.jpg,210,156,245,195
airplane_328.jpg,98,195,148,238
airplane_329.jpg,82,63,177,164
airplane_330.jpg,74,22,215,150
airplane_330.jpg,163,195,230,253
airplane_331.jpg,23,131,127,225
airplane_331.jpg,208,79,253,126
airplane_332.jpg,4,174,105,249
airplane_332.jpg,93,5,164,58
airplane_332.jpg,147,65,204,117
airplane_332.jpg,197,125,255,184
airplane_333.jpg,28,153,70,191
airplane_333.jpg,77,166,117,208
airplane_333.jpg,153,31,197,64
airplane_334.jpg,166,179,201,209
airplane_334.jpg,97,178,110,196
airplane_334.jpg,116,176,137,195
airplane_334.jpg,98,213,144,254
airplane_335.jpg,9,51,59,89
airplane_335.jpg,38,96,85,132
airplane_335.jpg,66,150,120,182
airplane_335.jpg,115,187,161,233
airplane_336.jpg,80,72,184,171
airplane_337.jpg,4,26,41,63
airplane_337.jpg,13,65,60,97
airplane_337.jpg,24,108,62,141
airplane_337.jpg,29,207,65,239
airplane_338.jpg,133,0,204,66
airplane_338.jpg,114,79,190,150
airplane_338.jpg,60,129,143,204
airplane_338.jpg,38,185,118,255
airplane_339.jpg,46,117,87,163
airplane_339.jpg,86,108,112,143
airplane_340.jpg,76,33,230,172
airplane_341.jpg,148,154,195,195
airplane_341.jpg,121,195,151,227
airplane_341.jpg,161,187,209,228
airplane_342.jpg,18,59,78,112
airplane_342.jpg,193,10,243,60
airplane_342.jpg,17,179,34,200
airplane_343.jpg,122,153,197,247
airplane_343.jpg,79,5,147,98
airplane_344.jpg,133,14,167,49
airplane_344.jpg,164,53,200,89
airplane_344.jpg,198,92,234,133
airplane_345.jpg,23,6,57,32
airplane_345.jpg,14,40,52,69
airplane_345.jpg,1,3,19,32
airplane_345.jpg,89,32,125,60
airplane_345.jpg,49,71,88,102
airplane_345.jpg,88,152,122,185
airplane_345.jpg,121,184,162,224
airplane_345.jpg,161,222,202,255
airplane_346.jpg,86,100,121,137
airplane_346.jpg,29,14,48,34
airplane_346.jpg,5,45,25,66
airplane_347.jpg,125,85,148,108
airplane_347.jpg,152,87,176,110
airplane_347.jpg,192,94,216,120
airplane_347.jpg,205,46,243,92
airplane_347.jpg,144,2,182,32
airplane_347.jpg,200,3,246,21
airplane_347.jpg,87,2,124,23
airplane_347.jpg,121,17,140,37
airplane_347.jpg,16,38,37,62
airplane_347.jpg,3,62,28,84
airplane_347.jpg,39,69,66,92
airplane_347.jpg,81,77,106,100
airplane_347.jpg,241,89,256,120
airplane_348.jpg,83,133,133,180
airplane_348.jpg,43,190,81,214
airplane_349.jpg,49,6,254,235
airplane_350.jpg,93,43,118,66
airplane_350.jpg,99,81,128,103
airplane_350.jpg,104,129,128,151
airplane_350.jpg,117,170,137,188
airplane_351.jpg,113,59,148,93
airplane_351.jpg,166,11,201,48
airplane_352.jpg,11,119,52,157
airplane_352.jpg,52,92,95,130
airplane_352.jpg,143,65,170,92
airplane_352.jpg,185,53,213,81
airplane_352.jpg,183,167,231,203
airplane_352.jpg,40,219,58,239
airplane_353.jpg,147,12,216,73
airplane_353.jpg,9,96,102,163
airplane_354.jpg,45,44,108,99
airplane_354.jpg,151,155,223,222
airplane_355.jpg,85,60,196,176
airplane_356.jpg,176,207,210,239
airplane_357.jpg,60,73,175,153
airplane_358.jpg,65,33,176,155
airplane_359.jpg,79,13,166,67
airplane_360.jpg,72,139,104,182
airplane_360.jpg,153,111,189,156
airplane_361.jpg,29,74,65,111
airplane_361.jpg,71,60,107,103
airplane_361.jpg,65,102,106,141
airplane_361.jpg,99,125,141,170
airplane_361.jpg,181,78,212,116
airplane_362.jpg,90,148,156,230
airplane_362.jpg,178,142,252,221
airplane_362.jpg,5,178,48,235
airplane_363.jpg,44,98,115,179
airplane_363.jpg,136,22,213,124
airplane_364.jpg,53,55,117,125
airplane_365.jpg,93,3,195,55
airplane_365.jpg,98,80,202,152
airplane_365.jpg,113,181,197,250
airplane_365.jpg,200,1,255,32
airplane_366.jpg,85,7,127,36
airplane_366.jpg,80,51,127,88
airplane_366.jpg,55,133,97,167
airplane_366.jpg,195,108,230,149
airplane_367.jpg,11,73,46,98
airplane_367.jpg,32,98,69,128
airplane_367.jpg,109,160,149,208
airplane_367.jpg,133,49,160,77
airplane_368.jpg,120,109,204,191
airplane_368.jpg,80,28,114,71
airplane_369.jpg,57,87,139,166
airplane_370.jpg,117,81,214,166
airplane_370.jpg,191,4,249,36
airplane_371.jpg,201,143,241,179
airplane_371.jpg,188,193,216,217
airplane_371.jpg,51,201,74,225
airplane_371.jpg,96,132,116,159
airplane_371.jpg,120,108,139,128
airplane_371.jpg,136,75,164,100
airplane_372.jpg,74,147,108,185
airplane_372.jpg,130,203,162,233
airplane_372.jpg,164,148,196,178
airplane_373.jpg,29,92,113,177
airplane_373.jpg,178,10,234,59
airplane_373.jpg,158,130,218,176
airplane_373.jpg,153,188,212,236
airplane_374.jpg,67,69,179,158
airplane_376.jpg,25,112,73,148
airplane_376.jpg,159,104,183,133
airplane_377.jpg,79,69,180,165
airplane_377.jpg,186,165,255,234
airplane_378.jpg,18,58,63,109
airplane_378.jpg,119,66,171,110
airplane_378.jpg,85,128,149,171
airplane_378.jpg,179,138,252,242
airplane_379.jpg,31,155,90,214
airplane_379.jpg,213,112,252,149
airplane_380.jpg,198,7,238,56
airplane_380.jpg,200,66,243,120
airplane_380.jpg,207,131,253,184
airplane_381.jpg,46,79,135,141
airplane_381.jpg,178,30,254,107
airplane_382.jpg,101,4,159,69
airplane_382.jpg,192,44,250,109
airplane_382.jpg,17,184,77,253
airplane_383.jpg,84,59,215,165
airplane_384.jpg,80,133,111,172
airplane_384.jpg,203,43,234,84
airplane_384.jpg,222,84,256,131
airplane_385.jpg,12,60,98,135
airplane_385.jpg,149,65,240,138
airplane_386.jpg,43,5,138,80
airplane_386.jpg,153,41,251,158
airplane_387.jpg,29,12,73,47
airplane_387.jpg,87,153,121,191
airplane_387.jpg,169,132,215,168
airplane_387.jpg,2,85,37,118
airplane_388.jpg,15,92,78,152
airplane_388.jpg,100,62,182,139
airplane_388.jpg,198,47,254,96
airplane_388.jpg,59,8,123,62
airplane_388.jpg,3,25,56,77
airplane_389.jpg,105,5,132,32
airplane_389.jpg,145,27,176,60
airplane_389.jpg,219,131,242,159
airplane_390.jpg,126,193,175,238
airplane_390.jpg,198,92,242,129
airplane_391.jpg,64,160,146,228
airplane_391.jpg,90,78,174,150
airplane_391.jpg,118,6,193,75
airplane_392.jpg,94,212,156,255
airplane_392.jpg,122,9,177,44
airplane_393.jpg,22,175,111,238
airplane_393.jpg,6,3,103,46
airplane_394.jpg,134,105,174,146
airplane_394.jpg,220,2,256,33
airplane_395.jpg,6,5,251,251
airplane_396.jpg,149,168,186,203
airplane_396.jpg,183,135,215,167
airplane_396.jpg,36,109,91,143
airplane_396.jpg,3,102,29,138
airplane_396.jpg,221,106,241,126
airplane_397.jpg,197,8,244,50
airplane_397.jpg,205,136,251,177
airplane_398.jpg,39,97,93,143
airplane_399.jpg,119,80,160,117
airplane_400.jpg,24,153,91,229
airplane_400.jpg,112,173,174,243
airplane_401.jpg,5,90,52,132
airplane_401.jpg,199,115,245,159
airplane_402.jpg,91,39,127,77
airplane_402.jpg,147,52,184,87
airplane_402.jpg,123,105,163,140
airplane_402.jpg,138,147,182,180
airplane_403.jpg,127,44,148,68
airplane_403.jpg,50,1,76,18
airplane_403.jpg,38,24,62,44
airplane_403.jpg,7,85,24,108
airplane_403.jpg,109,77,133,101
airplane_403.jpg,93,109,117,134
airplane_403.jpg,4,112,17,142
airplane_404.jpg,162,90,179,111
airplane_404.jpg,200,123,227,161
airplane_404.jpg,158,181,189,218
airplane_404.jpg,115,190,141,219
airplane_405.jpg,217,29,252,74
airplane_405.jpg,188,68,220,102
airplane_406.jpg,5,78,43,113
airplane_407.jpg,30,90,78,131
airplane_407.jpg,143,6,190,46
airplane_407.jpg,200,180,253,236
airplane_408.jpg,75,6,136,60
airplane_408.jpg,108,70,144,110
airplane_408.jpg,119,108,155,142
airplane_408.jpg,128,145,167,188
airplane_408.jpg,151,183,184,225
airplane_408.jpg,154,229,189,253
airplane_409.jpg,68,17,143,83
airplane_409.jpg,70,107,133,176
airplane_409.jpg,68,193,124,253
airplane_409.jpg,228,1,256,41
airplane_410.jpg,64,131,81,148
airplane_410.jpg,66,155,83,172
airplane_410.jpg,64,181,81,194
airplane_410.jpg,67,205,82,221
airplane_410.jpg,14,133,37,149
airplane_410.jpg,17,155,34,172
airplane_410.jpg,16,184,28,197
airplane_411.jpg,72,122,131,183
airplane_412.jpg,73,113,187,200
airplane_412.jpg,115,20,234,102
airplane_413.jpg,118,99,157,137
airplane_413.jpg,168,165,195,188
airplane_414.jpg,11,68,95,136
airplane_415.jpg,109,84,194,177
airplane_416.jpg,59,82,94,114
airplane_416.jpg,93,85,124,117
airplane_416.jpg,122,94,148,118
airplane_416.jpg,175,126,225,174
airplane_417.jpg,148,50,186,82
airplane_417.jpg,181,83,217,123
airplane_417.jpg,215,116,250,153
airplane_417.jpg,4,65,38,102
airplane_417.jpg,60,150,105,191
airplane_418.jpg,41,11,85,54
airplane_418.jpg,44,62,84,108
airplane_418.jpg,45,111,87,160
airplane_418.jpg,45,165,89,213
airplane_418.jpg,46,216,94,256
airplane_418.jpg,183,164,246,241
airplane_419.jpg,105,35,174,97
airplane_419.jpg,91,115,156,170
airplane_419.jpg,182,61,257,175
airplane_420.jpg,78,41,122,81
airplane_420.jpg,142,182,183,225
airplane_420.jpg,206,33,247,71
airplane_420.jpg,3,68,41,102
airplane_420.jpg,62,177,99,221
airplane_420.jpg,240,171,256,210
airplane_421.jpg,171,114,202,142
airplane_421.jpg,228,76,247,96
airplane_421.jpg,5,138,40,169
airplane_422.jpg,42,203,91,247
airplane_422.jpg,124,142,153,185
airplane_422.jpg,172,135,230,200
airplane_422.jpg,29,2,67,45
airplane_423.jpg,140,18,162,42
airplane_423.jpg,96,61,119,85
airplane_423.jpg,75,82,97,102
airplane_423.jpg,86,213,128,246
airplane_424.jpg,177,71,237,129
airplane_425.jpg,26,129,58,167
airplane_425.jpg,176,25,208,48
airplane_426.jpg,85,87,209,203
airplane_427.jpg,6,136,104,215
airplane_427.jpg,162,142,252,224
airplane_427.jpg,5,2,84,93
airplane_428.jpg,12,150,55,189
airplane_428.jpg,193,103,240,148
airplane_429.jpg,27,10,65,60
airplane_430.jpg,36,106,68,135
airplane_430.jpg,73,86,104,117
airplane_430.jpg,137,44,164,69
airplane_430.jpg,125,145,154,177
airplane_430.jpg,158,120,190,152
airplane_431.jpg,78,19,102,43
airplane_431.jpg,117,49,141,74
airplane_431.jpg,6,99,33,138
airplane_431.jpg,40,127,81,171
airplane_431.jpg,84,158,114,198
airplane_431.jpg,120,189,157,234
airplane_431.jpg,162,220,198,254
airplane_432.jpg,104,151,130,178
airplane_432.jpg,132,126,161,153
airplane_432.jpg,162,101,191,126
airplane_433.jpg,18,83,99,171
airplane_433.jpg,196,112,252,163
airplane_434.jpg,113,64,191,154
airplane_434.jpg,17,80,87,172
airplane_435.jpg,21,199,50,222
airplane_435.jpg,56,64,92,85
airplane_435.jpg,84,9,112,30
airplane_436.jpg,57,140,154,241
airplane_437.jpg,85,26,117,48
airplane_437.jpg,92,66,124,94
airplane_437.jpg,106,98,123,114
airplane_437.jpg,101,118,129,142
airplane_437.jpg,105,145,137,174
airplane_437.jpg,112,178,139,201
airplane_438.jpg,60,14,89,38
airplane_438.jpg,66,50,107,88
airplane_438.jpg,89,91,139,125
airplane_438.jpg,112,126,151,157
airplane_438.jpg,124,154,173,191
airplane_438.jpg,151,192,190,222
airplane_439.jpg,75,34,146,125
airplane_440.jpg,115,53,219,156
airplane_441.jpg,111,55,137,75
airplane_441.jpg,123,112,142,131
airplane_441.jpg,129,140,144,161
airplane_441.jpg,219,5,253,48
airplane_442.jpg,95,61,117,83
airplane_442.jpg,5,11,40,47
airplane_443.jpg,82,31,133,73
airplane_443.jpg,169,88,228,136
airplane_444.jpg,65,207,115,254
airplane_444.jpg,5,87,28,119
airplane_445.jpg,203,47,248,82
airplane_445.jpg,15,220,53,253
airplane_446.jpg,99,36,142,76
airplane_446.jpg,68,77,103,116
airplane_446.jpg,29,118,71,152
airplane_447.jpg,101,63,172,143
airplane_447.jpg,194,130,254,199
airplane_447.jpg,26,122,90,183
airplane_448.jpg,167,67,194,89
airplane_448.jpg,67,64,89,88
airplane_448.jpg,166,181,192,203
airplane_448.jpg,47,142,77,167
airplane_448.jpg,65,202,91,225
airplane_449.jpg,87,69,153,129
airplane_449.jpg,162,137,191,164
airplane_449.jpg,195,189,227,218
airplane_450.jpg,145,147,175,182
airplane_450.jpg,187,160,206,183
airplane_450.jpg,216,159,238,184
airplane_450.jpg,55,149,84,182
airplane_450.jpg,31,232,71,255
airplane_451.jpg,42,32,119,109
airplane_451.jpg,143,140,224,214
airplane_452.jpg,13,64,81,129
airplane_452.jpg,177,11,253,112
airplane_452.jpg,17,190,79,253
airplane_453.jpg,48,52,138,137
airplane_454.jpg,3,58,41,110
airplane_454.jpg,37,87,65,114
airplane_455.jpg,164,72,205,115
airplane_455.jpg,145,115,171,138
airplane_455.jpg,119,139,141,161
airplane_455.jpg,75,8,111,42
airplane_455.jpg,55,34,76,55
airplane_455.jpg,46,65,70,84
airplane_455.jpg,5,67,37,116
airplane_455.jpg,39,209,81,247
airplane_456.jpg,42,7,57,18
airplane_456.jpg,68,6,82,14
airplane_456.jpg,82,5,91,12
airplane_456.jpg,95,3,105,12
airplane_456.jpg,109,3,115,12
airplane_456.jpg,120,4,131,10
airplane_456.jpg,113,28,137,36
airplane_456.jpg,45,34,57,45
airplane_456.jpg,53,67,66,79
airplane_456.jpg,80,65,94,78
airplane_456.jpg,96,64,123,75
airplane_456.jpg,114,91,142,106
airplane_456.jpg,85,122,120,140
airplane_456.jpg,65,132,75,142
airplane_456.jpg,27,160,42,170
airplane_456.jpg,41,157,55,168
airplane_456.jpg,62,155,131,169
airplane_456.jpg,180,136,251,153
airplane_456.jpg,126,179,136,188
airplane_456.jpg,25,187,55,201
airplane_456.jpg,58,187,68,198
airplane_456.jpg,71,182,95,195
airplane_456.jpg,51,216,69,227
airplane_456.jpg,82,215,98,225
airplane_456.jpg,112,208,138,223
airplane_456.jpg,206,170,245,183
airplane_456.jpg,67,67,79,81
airplane_457.jpg,30,21,63,48
airplane_457.jpg,25,58,68,98
airplane_457.jpg,64,148,94,175
airplane_457.jpg,66,186,99,215
airplane_458.jpg,62,80,177,181
airplane_459.jpg,57,24,159,175
airplane_460.jpg,32,114,91,172
airplane_460.jpg,118,46,231,169
airplane_461.jpg,199,169,239,209
airplane_462.jpg,156,157,197,192
airplane_462.jpg,172,121,203,144
airplane_462.jpg,204,77,218,95
airplane_462.jpg,202,43,231,69
airplane_462.jpg,76,27,121,58
airplane_462.jpg,1,8,14,26
airplane_463.jpg,4,50,79,162
airplane_464.jpg,211,83,246,119
airplane_464.jpg,111,18,145,42
airplane_464.jpg,10,173,50,211
airplane_464.jpg,83,211,111,240
airplane_465.jpg,200,148,232,176
airplane_465.jpg,173,193,210,231
airplane_466.jpg,34,120,58,152
airplane_466.jpg,68,113,90,143
airplane_466.jpg,99,112,127,138
airplane_466.jpg,134,111,160,129
airplane_466.jpg,21,50,48,80
airplane_466.jpg,53,43,75,64
airplane_466.jpg,88,40,110,70
airplane_466.jpg,145,26,176,56
airplane_466.jpg,179,19,205,41
airplane_466.jpg,196,83,223,114
airplane_466.jpg,165,92,189,123
airplane_467.jpg,72,114,114,159
airplane_467.jpg,118,108,163,152
airplane_467.jpg,166,109,209,156
airplane_467.jpg,80,11,129,51
airplane_467.jpg,224,15,253,46
airplane_467.jpg,44,101,65,128
airplane_468.jpg,105,89,170,156
airplane_468.jpg,41,30,104,93
airplane_469.jpg,106,84,183,146
airplane_469.jpg,58,174,122,224
airplane_469.jpg,19,27,112,126
airplane_470.jpg,73,74,184,159
airplane_471.jpg,43,51,64,73
airplane_471.jpg,45,13,66,35
airplane_471.jpg,76,35,96,59
airplane_472.jpg,47,89,107,142
airplane_472.jpg,147,118,218,181
airplane_473.jpg,36,116,72,149
airplane_473.jpg,134,114,159,134
airplane_473.jpg,108,70,127,90
airplane_473.jpg,112,58,133,74
airplane_473.jpg,124,51,133,65
airplane_473.jpg,123,39,142,52
airplane_473.jpg,171,48,187,64
airplane_473.jpg,166,67,181,77
airplane_473.jpg,155,77,170,89
airplane_473.jpg,151,87,170,104
airplane_474.jpg,77,60,173,179
airplane_475.jpg,20,159,67,206
airplane_476.jpg,34,74,124,152
airplane_477.jpg,12,79,111,202
airplane_477.jpg,164,60,232,146
airplane_478.jpg,36,136,59,154
airplane_478.jpg,77,67,106,87
airplane_478.jpg,91,87,118,107
airplane_478.jpg,95,108,121,127
airplane_478.jpg,85,124,102,148
airplane_478.jpg,71,148,94,170
airplane_478.jpg,45,116,72,137
airplane_478.jpg,47,90,72,108
airplane_478.jpg,200,19,233,38
airplane_478.jpg,203,166,253,211
airplane_479.jpg,81,82,117,120
airplane_479.jpg,89,130,158,199
airplane_479.jpg,110,212,158,251
airplane_479.jpg,241,154,257,182
airplane_480.jpg,16,127,78,203
airplane_480.jpg,186,177,244,245
airplane_481.jpg,155,77,255,181
airplane_482.jpg,148,148,201,195
airplane_483.jpg,46,122,138,240
airplane_483.jpg,179,83,236,156
airplane_484.jpg,74,49,135,98
airplane_484.jpg,158,137,192,175
airplane_484.jpg,227,193,255,228
airplane_484.jpg,26,133,65,163
airplane_484.jpg,73,131,107,167
airplane_485.jpg,38,38,95,80
airplane_485.jpg,194,4,227,25
airplane_485.jpg,214,25,245,51
airplane_486.jpg,14,95,46,127
airplane_486.jpg,89,2,122,13
airplane_486.jpg,145,33,177,62
airplane_486.jpg,198,91,230,127
airplane_486.jpg,120,90,156,123
airplane_486.jpg,115,137,146,170
airplane_486.jpg,73,163,116,208
airplane_487.jpg,113,150,165,196
airplane_487.jpg,168,147,213,173
airplane_487.jpg,213,132,256,172
airplane_487.jpg,21,106,84,152
airplane_487.jpg,5,50,59,97
airplane_488.jpg,96,5,156,51
airplane_488.jpg,89,70,169,139
airplane_488.jpg,85,149,150,205
airplane_488.jpg,81,218,143,255
airplane_489.jpg,25,33,125,129
airplane_489.jpg,149,56,246,158
airplane_490.jpg,61,125,124,206
airplane_490.jpg,165,71,211,141
airplane_491.jpg,149,80,213,129
airplane_491.jpg,162,185,225,239
airplane_492.jpg,23,91,85,144
airplane_492.jpg,42,9,107,66
airplane_492.jpg,173,82,240,131
airplane_492.jpg,153,163,210,222
airplane_493.jpg,52,36,136,147
airplane_494.jpg,13,132,101,204
airplane_495.jpg,127,14,169,56
airplane_496.jpg,137,136,171,166
airplane_496.jpg,206,53,247,82
airplane_497.jpg,150,14,252,85
airplane_497.jpg,95,62,128,99
airplane_497.jpg,113,21,144,58
airplane_497.jpg,41,116,102,158
airplane_497.jpg,109,165,160,199
airplane_497.jpg,25,171,83,235
airplane_497.jpg,74,195,120,255
airplane_497.jpg,155,89,191,124
airplane_497.jpg,173,53,212,93
airplane_498.jpg,11,105,62,157
airplane_498.jpg,85,130,123,168
airplane_498.jpg,79,176,123,207
airplane_499.jpg,24,116,82,159
airplane_499.jpg,39,164,87,207
airplane_500.jpg,69,136,87,154
airplane_500.jpg,115,37,167,74
airplane_501.jpg,68,89,153,188
airplane_501.jpg,171,96,238,166
airplane_502.jpg,114,122,147,153
airplane_502.jpg,134,160,173,202
airplane_502.jpg,177,188,207,227
airplane_502.jpg,84,152,117,179
airplane_502.jpg,242,2,254,20
airplane_503.jpg,38,160,85,201
airplane_503.jpg,21,57,66,90
airplane_504.jpg,136,42,247,132
airplane_504.jpg,131,129,207,185
airplane_504.jpg,122,194,198,253
airplane_505.jpg,105,117,146,156
airplane_505.jpg,96,67,142,102
airplane_505.jpg,95,20,131,56
airplane_506.jpg,141,107,225,196
airplane_507.jpg,82,54,191,144
airplane_508.jpg,78,68,160,149
airplane_509.jpg,120,134,141,155
airplane_509.jpg,195,74,220,101
airplane_509.jpg,10,94,39,124
airplane_509.jpg,53,165,85,196
airplane_510.jpg,41,132,79,163
airplane_510.jpg,59,77,90,112
airplane_510.jpg,96,52,115,81
airplane_510.jpg,175,151,201,171
airplane_510.jpg,194,182,227,211
airplane_510.jpg,54,163,93,191
airplane_510.jpg,246,216,255,235
airplane_511.jpg,201,219,253,254
airplane_511.jpg,165,31,217,73
airplane_512.jpg,41,113,93,141
airplane_512.jpg,46,79,104,107
airplane_513.jpg,32,135,86,184
airplane_513.jpg,32,80,94,132
airplane_513.jpg,43,36,88,68
airplane_513.jpg,168,77,218,120
airplane_513.jpg,173,182,210,207
airplane_513.jpg,30,190,86,236
airplane_514.jpg,38,80,114,164
airplane_515.jpg,86,24,107,54
airplane_515.jpg,122,40,155,93
airplane_515.jpg,158,36,200,89
airplane_516.jpg,14,138,51,181
airplane_516.jpg,41,168,88,201
airplane_516.jpg,42,200,66,230
airplane_516.jpg,65,131,109,168
airplane_516.jpg,96,137,155,172
airplane_516.jpg,115,165,150,182
airplane_517.jpg,127,112,149,140
airplane_517.jpg,163,145,188,169
airplane_518.jpg,6,151,100,250
airplane_518.jpg,158,9,253,97
airplane_519.jpg,81,86,133,158
airplane_519.jpg,152,111,206,185
airplane_520.jpg,63,116,92,137
airplane_520.jpg,107,91,132,115
airplane_520.jpg,140,128,165,156
airplane_520.jpg,176,230,202,254
airplane_521.jpg,45,63,86,96
airplane_521.jpg,111,72,157,110
airplane_521.jpg,180,85,219,122
airplane_521.jpg,112,172,162,214
airplane_522.jpg,114,103,170,153
airplane_522.jpg,127,72,163,99
airplane_522.jpg,45,23,96,66
airplane_522.jpg,6,41,37,75
airplane_522.jpg,73,198,119,231
airplane_522.jpg,199,3,231,28
airplane_523.jpg,41,41,108,122
airplane_523.jpg,133,100,211,182
airplane_524.jpg,69,133,129,202
airplane_524.jpg,133,73,206,143
airplane_525.jpg,32,41,125,125
airplane_526.jpg,57,43,145,127
airplane_526.jpg,136,21,192,64
airplane_526.jpg,56,128,100,177
airplane_526.jpg,57,175,109,228
airplane_527.jpg,122,82,225,186
airplane_527.jpg,121,200,206,257
airplane_527.jpg,138,3,210,48
airplane_528.jpg,37,56,102,109
airplane_528.jpg,109,105,169,166
airplane_528.jpg,174,159,243,227
airplane_529.jpg,114,172,149,205
airplane_529.jpg,137,139,164,171
airplane_529.jpg,152,108,175,134
airplane_529.jpg,149,68,175,91
airplane_529.jpg,138,14,162,43
airplane_530.jpg,5,77,122,194
airplane_530.jpg,216,106,256,148
airplane_531.jpg,48,94,132,213
airplane_531.jpg,142,33,223,131
airplane_532.jpg,5,50,46,92
airplane_533.jpg,6,107,97,213
airplane_533.jpg,121,64,217,159
airplane_534.jpg,192,126,240,174
airplane_535.jpg,167,138,221,191
airplane_536.jpg,132,37,185,82
airplane_536.jpg,161,175,202,211
airplane_536.jpg,87,135,116,168
airplane_536.jpg,4,127,44,156
airplane_537.jpg,114,47,145,86
airplane_537.jpg,183,50,216,86
airplane_538.jpg,118,206,143,233
airplane_538.jpg,222,220,244,249
airplane_538.jpg,67,197,86,222
airplane_538.jpg,41,200,60,222
airplane_538.jpg,19,193,41,217
airplane_539.jpg,99,92,179,171
airplane_540.jpg,68,138,122,190
airplane_540.jpg,74,40,163,109
airplane_541.jpg,13,140,89,213
airplane_541.jpg,113,95,176,168
airplane_541.jpg,182,63,247,138
airplane_542.jpg,113,44,215,151
airplane_543.jpg,38,25,135,115
airplane_544.jpg,138,32,207,105
airplane_544.jpg,29,27,75,67
airplane_544.jpg,42,74,90,121
airplane_544.jpg,64,172,116,221
airplane_545.jpg,55,26,145,83
airplane_545.jpg,105,88,198,161
airplane_546.jpg,129,40,147,57
airplane_546.jpg,146,50,163,69
airplane_546.jpg,169,57,185,75
airplane_546.jpg,175,69,229,91
airplane_546.jpg,142,109,165,129
airplane_546.jpg,99,147,118,167
airplane_546.jpg,37,193,55,211
airplane_546.jpg,60,198,78,222
airplane_546.jpg,80,212,98,230
airplane_547.jpg,20,112,68,157
airplane_547.jpg,132,57,179,110
airplane_547.jpg,192,34,231,78
airplane_548.jpg,31,86,64,117
airplane_548.jpg,157,126,195,159
airplane_549.jpg,37,128,96,186
airplane_550.jpg,44,129,110,182
airplane_550.jpg,52,75,112,115
airplane_550.jpg,59,19,119,72
airplane_551.jpg,6,146,61,206
airplane_551.jpg,95,149,159,222
airplane_551.jpg,170,158,247,233
airplane_552.jpg,88,63,110,84
airplane_552.jpg,171,40,204,67
airplane_552.jpg,190,82,225,109
airplane_552.jpg,204,127,236,155
airplane_553.jpg,73,132,192,228
airplane_553.jpg,85,35,179,126
airplane_554.jpg,87,94,158,174
airplane_555.jpg,38,7,110,95
airplane_555.jpg,153,88,201,137
airplane_556.jpg,96,153,124,180
airplane_556.jpg,128,172,159,197
airplane_556.jpg,159,197,183,219
airplane_556.jpg,184,213,217,241
airplane_556.jpg,60,125,83,149
airplane_556.jpg,46,108,63,128
airplane_556.jpg,16,82,43,110
airplane_556.jpg,4,71,20,98
airplane_557.jpg,79,81,168,153
airplane_558.jpg,73,56,202,156
airplane_559.jpg,130,184,169,229
airplane_559.jpg,197,146,231,177
airplane_560.jpg,26,150,74,180
airplane_560.jpg,99,25,132,71
airplane_560.jpg,138,53,169,94
airplane_560.jpg,176,76,218,116
airplane_561.jpg,58,10,138,68
airplane_561.jpg,71,85,164,167
airplane_561.jpg,96,170,184,251
airplane_562.jpg,39,119,116,207
airplane_562.jpg,158,120,213,195
airplane_563.jpg,145,112,187,163
airplane_563.jpg,204,51,244,96
airplane_563.jpg,195,182,237,224
airplane_564.jpg,79,146,102,169
airplane_564.jpg,114,128,152,165
airplane_564.jpg,105,37,138,71
airplane_565.jpg,41,51,111,131
airplane_566.jpg,73,77,97,97
airplane_566.jpg,159,49,183,72
airplane_566.jpg,184,111,213,136
airplane_566.jpg,188,150,215,167
airplane_566.jpg,211,171,234,201
airplane_566.jpg,94,165,126,191
airplane_566.jpg,4,137,35,177
airplane_567.jpg,20,70,55,112
airplane_567.jpg,141,162,178,202
airplane_567.jpg,216,92,250,136
airplane_568.jpg,86,124,154,199
airplane_568.jpg,8,72,95,133
airplane_568.jpg,194,131,241,199
airplane_569.jpg,49,87,131,153
airplane_570.jpg,12,62,175,213
airplane_571.jpg,26,38,70,79
airplane_571.jpg,151,95,194,137
airplane_571.jpg,196,150,234,193
airplane_572.jpg,121,90,156,130
airplane_572.jpg,130,29,156,55
airplane_572.jpg,18,159,56,200
airplane_572.jpg,37,199,82,250
airplane_573.jpg,42,162,90,218
airplane_574.jpg,97,67,136,115
airplane_574.jpg,144,65,175,107
airplane_575.jpg,104,101,136,132
airplane_576.jpg,159,161,188,189
airplane_576.jpg,144,188,175,216
airplane_576.jpg,188,196,217,229
airplane_576.jpg,230,200,253,229
airplane_576.jpg,190,89,216,119
airplane_576.jpg,230,111,253,145
airplane_577.jpg,101,47,180,128
airplane_578.jpg,185,101,218,141
airplane_578.jpg,231,94,256,136
airplane_578.jpg,210,158,248,192
airplane_579.jpg,77,197,145,248
airplane_579.jpg,199,67,226,94
airplane_580.jpg,154,153,172,172
airplane_580.jpg,161,131,172,146
airplane_580.jpg,169,109,184,128
airplane_580.jpg,170,84,191,103
airplane_580.jpg,190,44,207,63
airplane_580.jpg,199,30,218,40
airplane_580.jpg,129,44,150,64
airplane_580.jpg,99,112,116,131
airplane_580.jpg,92,135,108,151
airplane_580.jpg,70,125,85,140
airplane_580.jpg,68,137,75,148
airplane_580.jpg,58,148,69,161
airplane_580.jpg,53,161,65,180
airplane_580.jpg,34,192,54,206
airplane_580.jpg,59,197,83,216
airplane_580.jpg,72,176,88,191
airplane_580.jpg,76,157,103,172
airplane_580.jpg,134,195,152,214
airplane_580.jpg,129,217,149,237
airplane_580.jpg,124,1,136,13
airplane_580.jpg,116,16,132,36
airplane_581.jpg,31,24,61,48
airplane_581.jpg,88,61,119,89
airplane_581.jpg,61,91,95,125
airplane_581.jpg,123,128,142,147
airplane_581.jpg,185,171,215,204
airplane_582.jpg,102,143,145,179
airplane_582.jpg,79,30,115,63
airplane_583.jpg,20,56,81,120
airplane_583.jpg,124,23,191,79
airplane_583.jpg,210,177,250,242
airplane_584.jpg,73,98,118,141
airplane_584.jpg,82,143,121,187
airplane_584.jpg,182,188,221,238
airplane_584.jpg,47,20,72,41
airplane_585.jpg,70,53,128,100
airplane_585.jpg,166,146,208,197
airplane_586.jpg,22,103,70,151
airplane_586.jpg,62,56,111,102
airplane_586.jpg,101,25,134,59
airplane_586.jpg,129,3,164,30
airplane_586.jpg,190,188,226,230
airplane_586.jpg,47,208,91,251
airplane_587.jpg,84,140,162,203
airplane_587.jpg,154,54,217,109
airplane_588.jpg,60,160,97,203
airplane_588.jpg,114,13,185,79
airplane_588.jpg,122,183,198,253
airplane_589.jpg,26,61,111,115
airplane_589.jpg,126,106,213,166
airplane_590.jpg,10,76,80,147
airplane_590.jpg,92,24,166,116
airplane_590.jpg,189,53,257,135
airplane_591.jpg,190,72,229,109
airplane_592.jpg,64,186,127,245
airplane_592.jpg,183,4,248,63
airplane_593.jpg,6,127,76,189
airplane_593.jpg,59,121,120,187
airplane_593.jpg,103,120,158,187
airplane_593.jpg,144,116,202,180
airplane_593.jpg,190,110,252,183
airplane_593.jpg,157,2,215,53
airplane_593.jpg,92,7,146,61
airplane_593.jpg,20,20,80,69
airplane_594.jpg,91,83,177,192
airplane_595.jpg,54,67,92,104
airplane_595.jpg,102,46,143,79
airplane_596.jpg,4,104,39,144
airplane_596.jpg,40,136,83,190
airplane_596.jpg,97,164,140,209
airplane_596.jpg,113,19,180,86
airplane_596.jpg,183,64,244,138
airplane_597.jpg,2,204,43,249
airplane_597.jpg,163,105,212,144
airplane_597.jpg,225,72,253,120
airplane_598.jpg,90,76,118,106
airplane_598.jpg,125,66,161,110
airplane_598.jpg,162,74,200,104
airplane_598.jpg,40,103,63,131
airplane_598.jpg,158,201,188,241
airplane_598.jpg,173,115,203,141
airplane_598.jpg,16,123,41,150
airplane_598.jpg,2,115,15,145
airplane_598.jpg,191,97,215,119
airplane_599.jpg,132,110,167,142
airplane_599.jpg,77,170,109,195
airplane_599.jpg,105,199,132,227
airplane_600.jpg,137,70,184,107
airplane_601.jpg,106,87,143,127
airplane_601.jpg,33,29,64,61
airplane_601.jpg,175,140,207,181
airplane_602.jpg,114,90,148,127
airplane_602.jpg,137,137,181,177
airplane_603.jpg,106,168,157,220
airplane_604.jpg,58,127,97,155
airplane_604.jpg,43,62,83,100
airplane_605.jpg,83,67,181,160
airplane_606.jpg,101,104,127,131
airplane_606.jpg,201,54,230,77
airplane_606.jpg,159,125,183,151
airplane_607.jpg,123,37,193,95
airplane_607.jpg,83,163,154,239
airplane_608.jpg,68,146,161,225
airplane_608.jpg,158,52,252,128
airplane_609.jpg,56,78,105,114
airplane_609.jpg,72,139,112,184
airplane_609.jpg,151,74,199,113
airplane_609.jpg,205,49,232,68
airplane_609.jpg,227,16,253,37
airplane_610.jpg,39,9,82,57
airplane_610.jpg,22,135,72,181
airplane_610.jpg,57,216,100,255
airplane_611.jpg,44,91,120,174
airplane_611.jpg,153,111,214,204
airplane_612.jpg,216,150,252,194
airplane_613.jpg,59,201,120,249
airplane_613.jpg,134,212,187,250
airplane_613.jpg,142,190,181,212
airplane_613.jpg,102,196,138,215
airplane_614.jpg,62,194,108,230
airplane_614.jpg,220,111,252,156
airplane_614.jpg,3,71,21,101
airplane_614.jpg,236,225,255,251
airplane_615.jpg,66,66,174,172
airplane_616.jpg,31,13,143,125
airplane_616.jpg,158,54,252,156
airplane_617.jpg,105,211,136,239
airplane_617.jpg,196,228,228,254
airplane_618.jpg,73,193,105,227
airplane_618.jpg,134,195,172,232
airplane_618.jpg,192,191,228,228
airplane_619.jpg,70,96,164,196
airplane_619.jpg,161,7,238,84
airplane_619.jpg,172,129,248,206
airplane_620.jpg,102,49,170,103
airplane_621.jpg,93,33,173,93
airplane_621.jpg,40,94,132,161
airplane_621.jpg,23,180,83,236
airplane_622.jpg,108,74,156,112
airplane_622.jpg,157,157,198,204
airplane_622.jpg,211,168,247,214
airplane_623.jpg,34,101,114,156
airplane_623.jpg,82,15,157,70
airplane_623.jpg,168,67,252,127
airplane_623.jpg,62,179,158,239
airplane_624.jpg,44,59,123,138
airplane_624.jpg,111,115,195,199
airplane_624.jpg,151,34,235,126
airplane_625.jpg,90,103,182,233
airplane_626.jpg,5,163,56,201
airplane_626.jpg,201,32,252,73
airplane_627.jpg,86,43,185,162
airplane_628.jpg,98,8,127,31
airplane_628.jpg,74,45,114,79
airplane_628.jpg,35,128,77,163
airplane_628.jpg,8,177,50,210
airplane_629.jpg,22,64,74,110
airplane_629.jpg,100,111,153,166
airplane_629.jpg,180,143,238,208
airplane_630.jpg,53,41,83,69
airplane_630.jpg,155,11,194,39
airplane_630.jpg,177,60,220,99
airplane_630.jpg,198,119,233,153
airplane_631.jpg,174,43,226,120
airplane_632.jpg,19,32,105,94
airplane_632.jpg,111,42,185,107
airplane_632.jpg,146,11,205,50
airplane_632.jpg,94,162,150,212
airplane_633.jpg,66,142,176,237
airplane_634.jpg,60,16,131,86
airplane_634.jpg,195,154,234,200
airplane_635.jpg,32,51,123,147
airplane_635.jpg,126,141,213,227
airplane_636.jpg,59,62,99,101
airplane_636.jpg,4,103,35,149
airplane_636.jpg,214,91,256,143
airplane_637.jpg,100,107,147,160
airplane_637.jpg,163,128,220,181
airplane_637.jpg,14,78,69,135
airplane_638.jpg,62,5,165,77
airplane_638.jpg,1,176,97,253
airplane_639.jpg,114,7,186,66
airplane_639.jpg,110,74,226,189
airplane_640.jpg,51,79,134,172
airplane_641.jpg,171,139,196,171
airplane_641.jpg,206,116,237,146
airplane_641.jpg,76,61,108,91
airplane_641.jpg,245,19,255,31
airplane_642.jpg,136,136,166,168
airplane_642.jpg,19,108,51,151
airplane_643.jpg,27,34,95,85
airplane_643.jpg,177,177,242,235
airplane_644.jpg,84,36,162,98
airplane_644.jpg,90,115,133,170
airplane_645.jpg,64,94,136,156
airplane_645.jpg,103,5,174,70
airplane_645.jpg,28,182,101,245
airplane_646.jpg,6,104,42,142
airplane_646.jpg,23,163,66,204
airplane_646.jpg,68,33,89,66
airplane_646.jpg,107,49,129,78
airplane_646.jpg,133,67,153,89
airplane_646.jpg,189,119,218,146
airplane_647.jpg,18,49,37,71
airplane_647.jpg,155,91,199,139
airplane_648.jpg,95,89,168,140
airplane_648.jpg,91,157,164,215
airplane_649.jpg,48,78,76,96
airplane_649.jpg,92,79,122,100
airplane_649.jpg,130,109,162,136
airplane_650.jpg,44,135,74,167
airplane_650.jpg,10,24,41,52
airplane_650.jpg,66,210,100,239
airplane_650.jpg,210,178,242,208
airplane_651.jpg,56,141,91,175
airplane_651.jpg,158,43,191,78
airplane_652.jpg,107,181,141,216
airplane_652.jpg,166,123,201,158
airplane_652.jpg,217,52,250,87
airplane_652.jpg,199,20,231,45
airplane_652.jpg,160,4,174,17
airplane_652.jpg,149,20,161,36
airplane_652.jpg,130,34,147,49
airplane_652.jpg,5,165,29,185
airplane_653.jpg,102,19,133,51
airplane_654.jpg,42,98,102,154
airplane_654.jpg,190,113,239,159
airplane_655.jpg,78,83,119,121
airplane_655.jpg,99,141,124,165
airplane_655.jpg,112,198,142,222
airplane_655.jpg,115,228,146,252
airplane_655.jpg,28,104,51,132
airplane_656.jpg,123,216,165,248
airplane_657.jpg,103,207,142,252
airplane_657.jpg,16,199,47,231
airplane_658.jpg,64,173,98,214
airplane_658.jpg,94,214,148,255
airplane_658.jpg,125,5,174,64
airplane_658.jpg,208,43,250,107
airplane_658.jpg,3,125,18,168
airplane_658.jpg,22,151,53,197
airplane_659.jpg,24,34,73,93
airplane_660.jpg,34,30,164,168
airplane_661.jpg,182,91,224,151
airplane_662.jpg,84,7,129,48
airplane_663.jpg,19,138,45,163
airplane_663.jpg,13,52,39,74
airplane_663.jpg,141,107,173,138
airplane_663.jpg,180,35,212,56
airplane_663.jpg,193,56,218,76
airplane_664.jpg,122,6,149,27
airplane_664.jpg,181,3,209,37
airplane_665.jpg,127,144,173,180
airplane_665.jpg,216,59,237,80
airplane_665.jpg,29,8,75,52
airplane_665.jpg,145,184,203,234
airplane_666.jpg,84,86,177,184
airplane_668.jpg,39,148,59,164
airplane_668.jpg,75,160,88,178
airplane_668.jpg,123,171,141,191
airplane_668.jpg,141,178,158,200
airplane_668.jpg,170,145,186,160
airplane_668.jpg,160,96,189,119
airplane_668.jpg,124,88,138,101
airplane_668.jpg,107,82,121,98
airplane_668.jpg,88,77,105,90
airplane_668.jpg,109,39,122,54
airplane_668.jpg,137,50,153,75
airplane_668.jpg,165,56,183,72
airplane_668.jpg,89,120,104,134
airplane_668.jpg,101,125,122,140
airplane_668.jpg,134,135,154,149
airplane_668.jpg,174,23,207,41
airplane_668.jpg,107,2,156,26
airplane_668.jpg,41,206,57,223
airplane_668.jpg,59,214,75,228
airplane_668.jpg,74,217,92,236
airplane_668.jpg,153,242,170,256
airplane_668.jpg,132,238,148,252
airplane_668.jpg,112,230,129,246
airplane_668.jpg,94,214,108,228
airplane_668.jpg,108,220,125,232
airplane_668.jpg,94,227,109,239
airplane_669.jpg,17,99,63,145
airplane_669.jpg,167,98,191,121
airplane_670.jpg,114,93,222,161
airplane_670.jpg,91,2,202,66
airplane_671.jpg,47,94,123,166
airplane_671.jpg,124,45,204,121
airplane_672.jpg,73,41,100,70
airplane_672.jpg,160,16,214,71
airplane_672.jpg,229,114,255,155
airplane_672.jpg,208,164,253,208
airplane_673.jpg,43,49,201,188
airplane_674.jpg,142,36,187,81
airplane_675.jpg,14,90,52,114
airplane_675.jpg,61,95,83,113
airplane_675.jpg,47,134,67,156
airplane_675.jpg,11,113,35,133
airplane_675.jpg,1,31,17,47
airplane_675.jpg,3,55,10,63
airplane_675.jpg,114,92,124,107
airplane_675.jpg,176,95,190,107
airplane_675.jpg,193,92,209,105
airplane_676.jpg,122,117,195,206
airplane_677.jpg,32,115,125,219
airplane_677.jpg,161,54,226,138
airplane_678.jpg,81,113,118,158
airplane_678.jpg,130,86,182,149
airplane_679.jpg,5,170,36,198
airplane_680.jpg,79,11,132,54
airplane_681.jpg,74,8,108,30
airplane_681.jpg,116,20,149,40
airplane_681.jpg,215,57,238,72
airplane_681.jpg,209,73,237,95
airplane_681.jpg,130,50,167,76
airplane_681.jpg,103,45,137,66
airplane_681.jpg,71,34,105,58
airplane_682.jpg,63,14,146,114
airplane_683.jpg,6,4,70,46
airplane_683.jpg,62,162,106,223
airplane_684.jpg,84,78,141,119
airplane_685.jpg,80,180,120,217
airplane_685.jpg,129,164,169,194
airplane_686.jpg,64,96,127,183
airplane_687.jpg,44,132,101,174
airplane_687.jpg,29,97,64,125
airplane_687.jpg,165,86,211,124
airplane_687.jpg,227,39,255,79
airplane_687.jpg,152,60,178,82
airplane_687.jpg,127,42,156,63
airplane_687.jpg,99,180,128,205
airplane_687.jpg,134,225,168,253
airplane_688.jpg,67,146,90,171
airplane_688.jpg,100,99,123,119
airplane_688.jpg,181,127,230,168
airplane_688.jpg,147,169,201,209
airplane_689.jpg,60,62,96,92
airplane_690.jpg,95,101,179,166
airplane_690.jpg,140,33,223,96
airplane_690.jpg,52,168,129,236
airplane_691.jpg,95,154,179,238
airplane_691.jpg,23,60,101,126
airplane_692.jpg,59,72,75,90
airplane_692.jpg,79,77,95,98
airplane_692.jpg,100,86,116,101
airplane_692.jpg,120,92,138,110
airplane_692.jpg,143,97,153,114
airplane_692.jpg,159,106,176,122
airplane_692.jpg,177,112,203,127
airplane_692.jpg,241,131,253,151
airplane_692.jpg,11,108,34,128
airplane_692.jpg,35,114,54,135
airplane_692.jpg,56,121,70,139
airplane_692.jpg,75,131,96,147
airplane_692.jpg,99,135,113,152
airplane_692.jpg,120,144,133,159
airplane_692.jpg,143,161,165,182
airplane_692.jpg,181,167,200,185
airplane_692.jpg,204,173,220,192
airplane_692.jpg,225,178,243,194
airplane_693.jpg,118,54,211,154
airplane_694.jpg,84,20,120,58
airplane_694.jpg,134,196,180,233
airplane_695.jpg,8,11,249,255
airplane_696.jpg,53,147,91,182
airplane_696.jpg,176,104,219,144
airplane_697.jpg,82,13,162,112
airplane_698.jpg,30,70,52,93
airplane_698.jpg,58,32,117,71
airplane_698.jpg,195,58,221,90
airplane_698.jpg,35,154,79,195
airplane_698.jpg,86,208,111,235
airplane_699.jpg,12,67,56,102
airplane_699.jpg,55,43,93,83
airplane_699.jpg,102,14,137,52
airplane_700.jpg,88,75,195,163
